#SHOW DATABASES;

Output:
Database
company
company_db
information_schema
mysql
performance_schema
sales
sys

---------------------------
#USE DATABASE ecom
#FIRST SELECT
SELECT
	customer_id,
    email
FROM
	dim_customer;

Output:
customer_id,email
CUST0001,richard16@example.net
CUST0002,danielsnyder@example.org
CUST0003,joseph40@example.net
CUST0004,juan09@example.net
CUST0005,wroberts@example.net
CUST0006,samuel01@example.org
CUST0007,mullinsdebra@example.net
CUST0008,moyerjoshua@example.net
CUST0009,barnesjoseph@example.org
CUST0010,thomasmartin@example.net
-----------------------------
